id;peak1;n_visitas1;standv1;MAD1;cov1;peak2;n_visitas2;standv2;MAD2;cov2;diff_visita;diff_peak
70045293;2;7;0.5;0.5;0.25;7;30;0.6376980003071354;0.0;0.0;-23;-5
130004164;2;9;0.33071891388307384;0.0;0.0;7;30;0.5252257314388902;0.0;0.0;-21;-5
130012432;2;9;0.33071891388307384;0.0;0.0;7;30;0.5252257314388902;0.0;0.0;-21;-5
310002890;2;11;0.9433981132056604;1.0;0.5;7;30;0.8446516354424753;1.0;0.14285714285714285;-19;-5
150257782;2;3;0.0;0.0;0.0;7;21;0.0;0.0;0.0;-18;-5
110047201;2;8;0.9897433186107869;1.0;0.5;7;25;1.050.793.351.076.540;1.0;0.14285714285714285;-17;-5
130004792;2;14;1.049.090.899.768.140;1.0;0.5;7;31;0.9285592184789413;0.0;0.0;-17;-5
150270638;2;9;0.9270248108869579;0.5;0.25;7;26;0.6881860213634101;0.0;0.0;-17;-5
70002921;2;12;102.851.895.445.316;1.0;0.5;7;28;0.823189287810847;0.0;0.0;-16;-5
150182545;2;6;0.9797958971132712;0.0;0.0;7;22;0.6529194857524803;0.0;0.0;-16;-5
310017397;2;15;0.9609731462195508;1.0;0.5;7;31;0.8975274678557507;1.0;0.14285714285714285;-16;-5
200108313;2;2;0.0;0.0;0.0;7;17;0.5;0.0;0.0;-15;-5
11138;2;15;0.82065180664829;0.0;0.0;7;29;11.088.696.211.614.300;1.0;0.14285714285714285;-14;-5
150263537;2;5;0.0;0.0;0.0;7;19;0.8748897637790901;1.0;0.14285714285714285;-14;-5
192402;2;17;1.165.922.381.636.100;1.0;0.5;7;30;1.002.968.246.361.990;1.0;0.14285714285714285;-13;-5
130015775;2;20;10.989.796.325.169.000;1.0;0.5;7;33;0.8926785535678563;1.0;0.14285714285714285;-13;-5
151167116;2;9;0.7071067811865476;0.5;0.25;7;22;12.453.996.981.544.700;1.0;0.14285714285714285;-13;-5
310009954;2;16;0.6531972647421808;0.0;0.0;7;29;0.6575697371257846;0.0;0.0;-13;-5
27417;2;3;0.5;0.5;0.25;7;15;0.6388765649999398;0.0;0.0;-12;-5
150253099;2;2;0.0;0.0;0.0;7;14;0.6153846153846155;0.0;0.0;-12;-5
40781;2;7;1.699.673.171.197.590;1.5;0.75;7;18;0.8360394355030526;0.0;0.0;-11;-5
70043709;2;7;0.5;0.5;0.25;7;18;0.6655122646461624;1.0;0.14285714285714285;-11;-5
70137555;2;13;0.7592027982620249;0.5;0.25;7;24;0.876062681722169;0.0;0.0;-11;-5
150203502;2;5;0.4330127018922193;0.0;0.0;7;16;10.749.676.997.731.300;1.0;0.14285714285714285;-11;-5
184764;2;16;0.8692269873603531;0.0;0.0;7;26;10.777.754.868.245.900;1.0;0.14285714285714285;-10;-5
300005121;2;7;10.671.873.729.054.700;1.0;0.5;7;17;1.184.205.957.593.520;0.0;0.0;-10;-5
113886;2;15;10.301.575.072.754.200;1.0;0.5;7;24;12.824.244.525.002.200;1.0;0.14285714285714285;-9;-5
363716;2;5;0.7071067811865476;0.5;0.25;7;14;0.8770580193070292;1.0;0.14285714285714285;-9;-5
70164531;4;6;1.624.807.680.927.190;1.0;0.25;14;15;15.118.578.920.369.000;1.0;0.07142857142857142;-9;-10
130170332;3;6;0.4898979485566356;0.0;0.0;14;15;16.659.862.556.700.800;1.0;0.07142857142857142;-9;-11
300002525;2;8;14.142.135.623.730.900;0.0;0.0;7;16;12.578.641.509.408.800;1.0;0.14285714285714285;-8;-5
310017239;2;3;0.0;0.0;0.0;7;11;0.6403124237432849;0.5;0.07142857142857142;-8;-5
107269;2;12;15.850.541.612.875.100;1.0;0.5;7;19;2.560.381.915.956.200;2.0;0.2857142857142857;-7;-5
130060139;2;15;1.779.990.827.768.150;1.0;0.5;7;22;17.855.555.485.002.500;1.0;0.14285714285714285;-7;-5
150209168;2;15;0.9609731462195507;1.0;0.5;7;22;10.033.955.955.097.800;1.0;0.14285714285714285;-7;-5
151253194;2;8;10.301.575.072.754.200;1.0;0.5;7;15;11.627.728.997.214.000;0.0;0.0;-7;-5
310009956;2;16;15.260.697.523.012.700;1.0;0.5;7;23;17.627.926.754.241.100;1.0;0.14285714285714285;-7;-5
110005788;2;11;0.9433981132056604;1.0;0.5;7;17;0.9921567416492215;1.0;0.14285714285714285;-6;-5
150201358;2;3;0.0;0.0;0.0;7;9;0.7806247497997998;1.0;0.14285714285714285;-6;-5
150212019;2;10;19.309.052.441.091.900;2.0;1.0;7;16;21.746.008.573.733.400;2.0;0.2857142857142857;-6;-5
151038970;2;5;1.224.744.871.391.580;0.5;0.25;7;11;12.206.555.615.733.700;1.0;0.14285714285714285;-6;-5
151163064;2;16;0.618241233033047;0.0;0.0;7;22;0.5593971487843205;0.0;0.0;-6;-5
320006055;2;10;0.5665577237325317;0.0;0.0;7;16;10.873.004.286.866.700;1.0;0.14285714285714285;-6;-5
151200431;2;7;13.437.096.247.164.200;1.0;0.5;8;13;12.332.207.155.790.600;1.0;0.125;-6;-6
144837;3;7;11.055.415.967.851.300;1.0;0.3333333333333333;12;13;1.724.013.405.464.760;2.0;0.16666666666666666;-6;-9
130001592;2;15;0.6102859818083952;0.5;0.25;13;21;14.654.350.889.752.800;1.0;0.07692307692307693;-6;-11
408238;2;12;11.922.615.498.730.900;0.0;0.0;7;17;14.670.868.242.881.800;1.0;0.14285714285714285;-5;-5
70117727;2;11;0.6000000000000001;0.0;0.0;7;16;0.6324555320336759;0.0;0.0;-5;-5
130006175;2;17;13.169.567.191.065.900;1.0;0.5;7;22;10.190.921.218.587;1.0;0.14285714285714285;-5;-5
150182566;2;14;11.766.968.108.291.000;0.0;0.0;7;19;12.717.247.935.843.900;1.0;0.14285714285714285;-5;-5
150217939;7;7;1.247.219.128.924.640;0.5;0.07142857142857142;12;12;1.813.630.667.569.090;1.0;0.08333333333333333;-5;-5
151030888;7;5;0.5;0.5;0.07142857142857142;14;10;1.563.471.919.941.140;0.0;0.0;-5;-7
200090510;2;11;17.776.388.834.631.100;1.0;0.5;9;16;2.434.930.982.366.620;1.0;0.1111111111111111;-5;-7
310017624;7;6;0.0;0.0;0.0;14;11;0.6403124237432849;0.5;0.03571428571428571;-5;-7
70053498;3;8;13.997.084.244.475.300;1.0;0.3333333333333333;13;13;19.346.977.943.739.800;1.5;0.11538461538461539;-5;-10
130164872;2;5;0.5;0.5;0.25;12;10;14.740.554.623.801.700;1.0;0.08333333333333333;-5;-10
130008624;2;7;11.547.005.383.792.500;0.5;0.25;13;12;11.499.191.491.521.300;1.0;0.07692307692307693;-5;-11
82959;2;9;19.324.531.042.175.300;1.0;0.5;14;14;2.555.884.265.513.250;1.0;0.07142857142857142;-5;-12
130082690;2;4;0.816496580927726;1.0;0.5;14;9;1.5;1.0;0.07142857142857142;-5;-12
118854;2;21;1.107.925.990.308.010;1.0;0.5;7;25;0.9537935951882998;1.0;0.14285714285714285;-4;-5
200933;2;12;2.147.456.692.912.310;2.0;1.0;7;16;107.496.769.977.314;0.0;0.0;-4;-5
110120395;2;26;22.782.449.385.437.000;1.0;0.5;7;30;36.632.961.123.363.600;2.0;0.2857142857142857;-4;-5
130100911;2;4;0.0;0.0;0.0;7;8;0.6388765649999399;0.0;0.0;-4;-5
150250370;2;8;21.189.138.534.559.000;1.0;0.5;7;12;0.7496555682941201;0.0;0.0;-4;-5
150252667;2;8;21.189.138.534.559.000;1.0;0.5;7;12;0.7496555682941201;0.0;0.0;-4;-5
310012640;2;7;1.118.033.988.749.890;0.5;0.25;7;11;19.899.748.742.132.400;1.0;0.14285714285714285;-4;-5
22475;7;3;1.5;1.5;0.21428571428571427;14;7;10.671.873.729.054.700;0.5;0.03571428571428571;-4;-7
70102204;7;6;36.110.940.170.535.500;1.0;0.14285714285714285;14;10;5.497.474.167.490.210;6.0;0.42857142857142855;-4;-7
70108723;3;3;1.0;1.0;0.3333333333333333;13;7;1.118.033.988.749.890;0.0;0.0;-4;-10
130038285;3;4;0.816496580927726;1.0;0.3333333333333333;13;8;0.6388765649999398;0.0;0.0;-4;-10
257103;3;4;4.546.060.565.661.950;4.0;13.333.333.333.333.300;14;8;5.303.060.340.934.450;2.0;0.14285714285714285;-4;-11
70001913;3;6;285.657.137.141.714;3.0;1.0;14;10;2.0;1.0;0.07142857142857142;-4;-11
310011039;3;8;0.6388765649999399;0.0;0.0;14;12;0.899954085146515;0.0;0.0;-4;-11
130133201;2;8;406.578.556.307.363;4.0;2.0;15;12;3.933.328.664.142.530;3.0;0.2;-4;-13
150187634;2;3;0.5;0.5;0.25;20;7;4.374.801.582.802.220;3.0;0.15;-4;-18
70057238;6;5;3.491.060.010.942.230;3.0;0.5;25;9;27.128.168.017.763.300;2.5;0.1;-4;-19
70058751;3;4;14.142.135.623.730.900;0.0;0.0;8;7;10.671.873.729.054.700;1.0;0.125;-3;-5
70064660;2;23;0.5622416762205902;0.0;0.0;7;26;0.4;0.0;0.0;-3;-5
70170573;2;8;0.4948716593053935;0.0;0.0;7;11;0.6;0.0;0.0;-3;-5
130001581;2;14;20.925.339.244.208.300;2.0;1.0;7;17;20.300.477.211.139.600;1.0;0.14285714285714285;-3;-5
106835;2;14;0.9483713850721501;1.0;0.5;8;17;0.9333240326917549;0.5;0.0625;-3;-6
150201120;7;8;3.779.644.730.092.270;1.0;0.14285714285714285;14;11;5.717.516.943.569.120;6.5;0.4642857142857143;-3;-7
40006118;4;6;4.4;2.0;0.5;12;9;7.857.122.564.908.860;8.5;0.7083333333333334;-3;-8
130003899;7;5;3.344.772.040.064.910;0.5;0.07142857142857142;15;8;6.047.431.568.147.630;6.0;0.4;-3;-8
130025400;6;5;248.746.859.276.655;0.5;0.08333333333333333;14;8;24.159.335.036.125.300;1.0;0.07142857142857142;-3;-8
85623;6;3;0.0;0.0;0.0;15;6;20.396.078.054.371.100;1.0;0.06666666666666667;-3;-9
115658;3;3;1.5;1.5;0.5;14;6;14.966.629.547.095.700;1.0;0.07142857142857142;-3;-11
320002685;2;13;0.816496580927726;0.0;0.0;13;16;10.456.258.094.238.700;1.0;0.07692307692307693;-3;-11
53837;2;7;10.671.873.729.054.700;1.0;0.5;15;10;3.177.855.476.905.570;2.0;0.13333333333333333;-3;-13
126203;5;7;2.266.911.751.455.900;1.5;0.3;19;10;31.622.776.601.683.700;2.0;0.10526315789473684;-3;-14
98499;7;4;4.546.060.565.661.950;4.0;0.5714285714285714;40;7;4.123.105.625.617.660;3.5;0.0875;-3;-33
47779;2;5;1.224.744.871.391.580;0.5;0.25;7;7;0.9428090415820634;0.5;0.07142857142857142;-2;-5
235832;2;13;2.628.635.049.264.580;2.0;1.0;7;15;4.147.780.325.987.990;2.5;0.35714285714285715;-2;-5
70162801;3;13;13.616.778.865.306.800;1.0;0.3333333333333333;8;15;20.354.009.783.964.200;1.0;0.125;-2;-5
130004172;2;16;0.7888106377466154;1.0;0.5;7;18;0.9557692240748189;0.0;0.0;-2;-5
130137888;2;12;16.762.808.104.168.800;1.0;0.5;7;14;178.089.798.504.465;1.0;0.14285714285714285;-2;-5
130186335;2;7;0.816496580927726;1.0;0.5;7;9;0.7806247497997998;1.0;0.14285714285714285;-2;-5
70169433;8;6;0.9797958971132712;0.0;0.0;14;8;1.385.051.387.833.230;0.0;0.0;-2;-6
310010596;2;4;0.4714045207910317;0.0;0.0;8;6;0.7483314773547882;1.0;0.125;-2;-6
130023013;8;5;0.82915619758885;0.5;0.0625;15;7;1.795.054.935.711.500;0.5;0.03333333333333333;-2;-7
310007636;8;7;39.860.869.143.671.300;2.0;0.25;16;9;6.223.694.642.252.300;6.0;0.375;-2;-8
92264;4;5;2.947.456.530.637.890;2.0;0.5;13;7;19.720.265.943.665.300;1.0;0.07692307692307693;-2;-9
130004050;3;6;12.649.110.640.673.500;0.0;0.0;13;8;15.118.578.920.369.000;1.0;0.07692307692307693;-2;-10
130008257;2;8;0.9897433186107869;1.0;0.5;12;10;22.166.597.048.066.600;1.0;0.08333333333333333;-2;-10
130025344;2;4;0.9428090415820634;0.0;0.0;12;6;2.4;1.0;0.08333333333333333;-2;-10
130000329;6;5;248.746.859.276.655;1.5;0.25;17;7;3.265.986.323.710.900;1.5;0.08823529411764706;-2;-11
130017565;2;9;1.299.038.105.676.650;0.0;0.0;13;11;20.024.984.394.500.700;2.0;0.15384615384615385;-2;-11
130032725;13;4;14.142.135.623.730.900;0.0;0.0;24;6;26.832.815.729.997.400;3.0;0.125;-2;-11
19244;2;6;16.000.000.000.000.000;0.0;0.0;14;8;5.417.281.493.102.440;6.0;0.42857142857142855;-2;-12
130013796;13;4;2.160.246.899.469.280;1.0;0.07692307692307693;28;6;19.595.917.942.265.400;1.0;0.03571428571428571;-2;-15
130066483;7;6;1.6;0.0;0.0;22;8;26.186.146.828.319.000;2.0;0.09090909090909091;-2;-15
200130792;4;4;30.912.061.651.652.300;1.0;0.25;21;6;4.4;2.0;0.09523809523809523;-2;-17
125304;12;5;1.118.033.988.749.890;1.0;0.08333333333333333;34;7;413.991.411.612.474;3.5;0.10294117647058823;-2;-22
130178027;11;3;1.5;1.5;0.13636363636363635;33;5;3.832.427.429.188.970;3.5;0.10606060606060606;-2;-22
71203;2;8;1.749.635.530.559.410;0.0;0.0;26;10;2.006.163.342.807.530;0.0;0.0;-2;-24
151032534;6;5;1.118.033.988.749.890;1.0;0.16666666666666666;33;7;33.499.585.403.736.300;3.5;0.10606060606060606;-2;-27
110098889;2;4;14.142.135.623.730.900;0.0;0.0;30;6;23.664.319.132.398.400;2.0;0.06666666666666667;-2;-28
98235;2;9;2.521.780.125.229.000;0.5;0.25;7;10;2.581.988.897.471.610;1.0;0.14285714285714285;-1;-5
98237;2;10;2.543.449.587.168.790;1.0;0.5;7;11;27.730.849.247.724.000;1.5;0.21428571428571427;-1;-5
70053321;2;10;2.449.489.742.783.170;3.0;1.5;7;11;2.891.366.458.960.190;1.5;0.21428571428571427;-1;-5
110068478;8;11;18.681.541.692.269.400;1.5;0.1875;13;12;21.780.270.092.201.700;2.0;0.15384615384615385;-1;-5
110086831;2;13;3.817.903.729.651.760;3.0;1.5;7;14;43.947.251.867.956.000;5.0;0.7142857142857143;-1;-5
150207885;2;10;2.449.489.742.783.170;3.0;1.5;7;11;2.891.366.458.960.190;1.5;0.21428571428571427;-1;-5
71351;15;5;20.615.528.128.088.300;0.5;0.03333333333333333;21;6;10.954.451.150.103.300;1.0;0.047619047619047616;-1;-6
130014823;5;12;32.192.602.199.319.500;2.0;0.4;11;13;34.510.465.401.414.400;2.5;0.22727272727272727;-1;-6
130033074;4;15;37.032.803.990.902.000;3.5;0.875;10;16;4.096.611.065.529.920;3.0;0.3;-1;-6
310010862;8;5;0.82915619758885;0.5;0.0625;14;6;0.7483314773547882;1.0;0.07142857142857142;-1;-6
65919;2;12;3.886.828.786.623.990;1.0;0.5;9;13;5.314.419.587.834.170;1.0;0.1111111111111111;-1;-7
65921;2;9;4.357.106.264.483.340;3.5;1.75;9;10;5.656.854.249.492.380;5.0;0.5555555555555556;-1;-7
40019867;7;5;0.4330127018922193;0.0;0.0;14;6;10.954.451.150.103.300;1.0;0.07142857142857142;-1;-7
70010062;7;10;0.816496580927726;0.0;0.0;14;11;10.049.875.621.120.800;0.5;0.03571428571428571;-1;-7
337979;6;6;13.564.659.966.250.500;1.0;0.16666666666666666;14;7;0.5773502691896257;0.0;0.0;-1;-8
150215538;6;5;10.897.247.358.851.600;0.5;0.08333333333333333;14;6;0.6324555320336759;0.0;0.0;-1;-8
310015674;7;5;32.015.621.187.164.200;0.5;0.07142857142857142;15;6;31.999.999.999.999.900;0.0;0.0;-1;-8
70119556;6;7;16.072.751.268.321.500;1.0;0.16666666666666666;15;8;26.649.654.437.396.600;1.0;0.06666666666666667;-1;-9
110018297;7;6;31.368.774.282.716.200;3.0;0.42857142857142855;16;7;4.320.493.798.938.570;3.5;0.21875;-1;-9
130083425;8;5;28.613.807.855.648.900;2.5;0.3125;17;6;3.249.615.361.854.380;2.0;0.11764705882352941;-1;-9
35359;4;4;1.247.219.128.924.640;1.0;0.25;14;5;0.5;0.5;0.03571428571428571;-1;-10
70029957;4;6;21.354.156.504.062.600;2.0;0.5;14;7;14.907.119.849.998.500;0.0;0.0;-1;-10
22848;2;9;11.110.243.021.644.400;0.0;0.0;13;10;18.257.418.583.505.500;2.0;0.15384615384615385;-1;-11
70195442;2;26;3.566.510.900.025.400;1.0;0.5;13;27;4.893.692.353.639.630;1.0;0.07692307692307693;-1;-11
130148744;10;6;4.560.701.700.396.550;2.0;0.2;21;7;5.217.491.947.499.500;4.5;0.21428571428571427;-1;-11
130164280;2;6;33.466.401.061.363.000;1.0;0.5;13;7;2.886.751.345.948.120;0.0;0.0;-1;-11
150231469;5;5;37.416.573.867.739.400;2.0;0.4;16;6;37.094.473.981.982.800;2.0;0.125;-1;-11
310012898;4;6;49.396.356.140.913.800;0.0;0.0;15;7;52.094.998.693.625.900;1.5;0.1;-1;-11
33546;3;4;23.570.226.039.551.500;0.0;0.0;15;5;17.853.571.071.357.100;1.5;0.1;-1;-12
70040984;6;5;16.583.123.951.777;1.0;0.16666666666666666;18;6;1.469.693.845.669.900;1.0;0.05555555555555555;-1;-12
64828;2;8;42.233.558.568.841.300;4.0;2.0;15;9;7.660.776.723.022.280;6.5;0.43333333333333335;-1;-13
70008712;7;4;2.160.246.899.469.280;1.0;0.14285714285714285;21;5;2.449.489.742.783.170;1.0;0.047619047619047616;-1;-14
97668;2;6;233.238.075.793.812;0.0;0.0;17;7;15.275.252.316.519.400;0.0;0.0;-1;-15
407704;4;8;6.590.035.768.383.310;7.0;1.75;19;9;7.364.399.160.827.710;5.5;0.2894736842105263;-1;-15
130006073;5;7;15.986.105.077.709.000;0.5;0.1;20;8;25.314.350.209.527.600;2.0;0.1;-1;-15
150253330;4;6;2.280.350.850.198.270;1.0;0.25;19;7;2.544.056.253.745.620;2.0;0.10526315789473684;-1;-15
150293351;5;4;0.816496580927726;1.0;0.2;20;5;0.4330127018922193;0.0;0.0;-1;-15
141903;8;6;233.238.075.793.812;0.0;0.0;24;7;2.494.438.257.849.290;2.5;0.10416666666666667;-1;-16
110042141;2;14;37.035.086.514.494.500;0.0;0.0;20;15;6.008.497.384.232.310;0.0;0.0;-1;-18
150241168;8;5;36.314.597.615.834.800;0.5;0.0625;26;6;4.534.313.619.501.850;5.0;0.19230769230769232;-1;-18
151207984;9;3;0.0;0.0;0.0;27;4;1.632.993.161.855.450;2.0;0.07407407407407407;-1;-18
400187;3;4;0.9428090415820634;0.0;0.0;22;5;3.031.088.913.245.530;2.5;0.11363636363636363;-1;-19
151259797;4;4;2.494.438.257.849.290;2.0;0.5;24;5;229.128.784.747.792;1.5;0.0625;-1;-20
150184580;20;4;0.9428090415820634;0.0;0.0;41;5;2.692.582.403.567.250;1.0;0.024390243902439025;-1;-21
20803;15;5;0.4330127018922193;0.0;0.0;37;6;38.262.252.939.417.900;3.0;0.08108108108108109;-1;-22
150259915;5;4;1.247.219.128.924.640;1.0;0.2;27;5;3.897.114.317.029.970;3.0;0.1111111111111111;-1;-22
19786;2;16;11.075.498.483.890.700;1.0;0.5;7;16;0.9092121131323906;0.0;0.0;0;-5
41000511;8;6;0.4898979485566356;0.0;0.0;13;6;0.7483314773547882;1.0;0.07692307692307693;0;-5
70028016;2;4;2.160.246.899.469.280;1.0;0.5;7;4;0.4714045207910317;0.0;0.0;0;-5
130002770;2;22;17.063.307.492.541.800;1.0;0.5;7;22;17.063.307.492.541.800;1.0;0.14285714285714285;0;-5
130027403;2;17;14.086.784.586.980.800;0.0;0.0;7;17;17.036.266.463.048.700;1.0;0.14285714285714285;0;-5
130036632;2;18;27.389.286.416.053.600;3.0;1.5;7;18;27.389.286.416.053.600;3.0;0.42857142857142855;0;-5
130077806;2;11;22.891.046.284.519.100;2.0;1.0;7;11;12.806.248.474.865.600;0.5;0.07142857142857142;0;-5
130135533;2;27;1.5;1.0;0.5;7;27;14.876.215.081.395.100;1.0;0.14285714285714285;0;-5
150206271;2;23;0.5622416762205902;0.0;0.0;7;23;0.6492207662311682;0.0;0.0;0;-5
150207006;2;4;18.856.180.831.641.200;0.0;0.0;7;4;0.816496580927726;1.0;0.14285714285714285;0;-5
117569;14;7;298.142.396.999.972;0.5;0.03571428571428571;20;7;298.142.396.999.972;0.5;0.025;0;-6
173841;2;21;12.409.673.645.990.800;1.0;0.5;8;21;14.448.183.276.799.800;1.0;0.125;0;-6
310017312;7;12;18.136.306.675.690.900;1.0;0.14285714285714285;13;12;13.726.971.700.492.200;1.0;0.07692307692307693;0;-6
320004368;7;10;3.269.764.215.458.250;1.0;0.14285714285714285;13;10;457.313.680.605.704;2.0;0.15384615384615385;0;-6
70031942;7;9;0.4841229182759271;0.0;0.0;14;9;0.7806247497997998;0.0;0.0;0;-7
70052095;7;9;0.5994789404140899;0.0;0.0;14;9;0.5994789404140899;0.0;0.0;0;-7
130022300;7;5;0.0;0.0;0.0;14;5;0.0;0.0;0.0;0;-7
130176222;7;4;0.4714045207910317;0.0;0.0;14;4;0.816496580927726;1.0;0.07142857142857142;0;-7
150185355;14;4;0.0;0.0;0.0;21;4;0.4714045207910317;0.0;0.0;0;-7
150215729;4;15;3.097.892.634.600.200;2.0;0.5;11;15;3.097.892.634.600.200;2.0;0.18181818181818182;0;-7
150233682;6;11;4.544.227.107.000.700;3.0;0.5;13;11;4.340.506.882.842.140;4.0;0.3076923076923077;0;-7
150233684;6;11;4.544.227.107.000.700;3.0;0.5;13;11;4.340.506.882.842.140;4.0;0.3076923076923077;0;-7
310006329;2;13;13.616.778.865.306.800;0.5;0.25;9;13;14.976.833.963.009.500;1.0;0.1111111111111111;0;-7
365979;7;7;12.909.944.487.358.000;1.0;0.14285714285714285;15;7;12.583.057.392.117.900;1.5;0.1;0;-8
70153649;6;5;0.5;0.5;0.08333333333333333;14;5;14.142.135.623.730.900;1.0;0.07142857142857142;0;-8
150219159;4;11;2.238.302.928.559.930;2.0;0.5;12;11;19.621.416.870.348.500;1.5;0.125;0;-8
310013560;14;6;0.6324555320336759;0.0;0.0;22;6;27.129.319.932.501.000;2.0;0.09090909090909091;0;-8
70091725;3;17;16.153.559.979.150.100;1.5;0.5;12;17;1.964.529.205.687.710;1.5;0.125;0;-9
70166852;3;10;38.232.556.742.411.600;1.0;0.3333333333333333;12;10;38.232.556.742.411.600;1.0;0.08333333333333333;0;-9
20032;2;6;0.4898979485566356;0.0;0.0;12;6;27.856.776.554.368.200;2.0;0.16666666666666666;0;-10
48123;2;14;14.349.813.927.828.900;1.0;0.5;12;14;18.873.606.379.054.300;1.0;0.08333333333333333;0;-10
100097;12;5;511.737.237.261.468;3.5;0.2916666666666667;22;5;3.344.772.040.064.910;0.5;0.022727272727272728;0;-10
110026810;2;9;5.584.576.975.922.160;3.0;1.5;12;9;5.584.576.975.922.160;3.0;0.25;0;-10
130184073;3;13;13.819.269.959.814.100;1.0;0.3333333333333333;13;13;18.911.342.863.183.600;1.0;0.07692307692307693;0;-10
195212;5;4;0.816496580927726;1.0;0.2;16;4;37.712.361.663.282.500;0.0;0.0;0;-11
40020566;3;5;4.763.139.720.814.410;3.0;1.0;14;5;4.656.984.002.549.280;3.5;0.25;0;-11
70148685;2;5;0.82915619758885;0.5;0.25;13;5;1.479.019.945.774.900;1.0;0.07692307692307693;0;-11
62977;8;7;2.692.582.403.567.250;1.5;0.1875;20;7;20.615.528.128.088.300;1.5;0.075;0;-12
70046878;2;10;6.220.237.778.790.400;2.0;1.0;14;10;6.220.237.778.790.400;2.0;0.14285714285714285;0;-12
137368;4;10;18.856.180.831.641.200;1.0;0.25;17;10;26.152.449.546.532.900;2.0;0.11764705882352941;0;-13
40002082;9;5;1.479.019.945.774.900;1.0;0.1111111111111111;22;5;27.726.341.266.023.500;2.5;0.11363636363636363;0;-13
70027861;4;6;16.733.200.530.681.500;1.0;0.25;17;6;62.289.646.009.589.700;3.0;0.17647058823529413;0;-13
76968;5;5;20.615.528.128.088.300;2.0;0.4;19;5;248.746.859.276.655;0.5;0.02631578947368421;0;-14
136490;9;7;3.890.872.509.976.250;2.0;0.2222222222222222;23;7;469.041.575.982.343;1.5;0.06521739130434782;0;-14
70089357;7;9;2.117.634.293.262.170;1.0;0.14285714285714285;21;9;20.463.381.929.681.100;2.0;0.09523809523809523;0;-14
130036052;7;8;1.124.858.267.715.970;0.0;0.0;21;8;2.258.769.757.263.120;1.0;0.047619047619047616;0;-14
70007774;6;6;3.720.215.047.547.650;3.0;0.5;21;6;26.076.809.620.810.500;1.0;0.047619047619047616;0;-15
70107193;6;7;17.716.909.687.891.000;1.0;0.16666666666666666;21;7;262.466.929.133.727;0.5;0.023809523809523808;0;-15
37309;6;8;3.282.607.226.593.150;2.0;0.3333333333333333;22;8;25.634.797.778.466.200;2.0;0.09090909090909091;0;-16
151235436;5;5;2.165.063.509.461.090;1.5;0.3;21;5;0.4330127018922193;0.0;0.0;0;-16
310011421;10;4;2.160.246.899.469.280;1.0;0.1;27;4;0.816496580927726;1.0;0.037037037037037035;0;-17
320000371;13;6;21.908.902.300.206.600;2.0;0.15384615384615385;30;6;3.249.615.361.854.380;3.0;0.1;0;-17
107302;7;6;29.933.259.094.191.500;2.0;0.2857142857142857;25;6;2.280.350.850.198.270;2.0;0.08;0;-18
110016604;11;7;30.776.975.521.032.300;2.5;0.22727272727272727;29;7;19.720.265.943.665.300;0.0;0.0;0;-18
310011567;8;7;35.901.098.714.230.000;3.0;0.375;26;7;27.688.746.209.726.900;2.5;0.09615384615384616;0;-18
110086373;3;5;1.0;1.0;0.3333333333333333;22;5;27.726.341.266.023.500;0.5;0.022727272727272728;0;-19
130056521;9;8;28.642.768.079.662.000;2.0;0.2222222222222222;29;8;24.411.439.272.335.800;2.0;0.06896551724137931;0;-20
150287225;3;6;19.595.917.942.265.400;0.0;0.0;23;6;25.768.197.453.450.200;3.0;0.13043478260869565;0;-20
70218922;8;5;25.495.097.567.963.900;1.5;0.1875;29;5;3.082.207.001.484.480;2.5;0.08620689655172414;0;-21
130001760;12;6;2.898.275.349.237.880;1.0;0.08333333333333333;35;6;0.4898979485566356;0.0;0.0;0;-23
130077558;10;5;3.766.629.793.329.840;3.5;0.35;34;5;3.278.719.262.151;1.0;0.029411764705882353;0;-24
150201341;6;5;2.0;2.0;0.3333333333333333;32;5;2.5;2.5;0.078125;0;-26
13848;13;4;1.699.673.171.197.590;1.0;0.07692307692307693;40;4;38.586.123.009.300.700;2.0;0.05;0;-27
120002319;2;5;0.0;0.0;0.0;29;5;35.355.339.059.327.300;1.0;0.034482758620689655;0;-27
70050771;10;6;33.105.890.714.493.600;4.0;0.4;38;6;23.151.673.805.580.400;1.0;0.02631578947368421;0;-28
110122134;2;7;0.6871842709362768;0.5;0.25;32;7;52.094.998.693.625.900;4.0;0.125;0;-30
151251093;2;7;0.6871842709362768;0.5;0.25;32;7;52.094.998.693.625.900;4.0;0.125;0;-30
99257;6;6;24.166.091.947.189.100;1.0;0.16666666666666666;37;6;4.409.081.537.009.720;4.0;0.10810810810810811;0;-31
163577;2;20;22.941.573.387.056.100;1.0;0.5;7;19;33.077.723.659.120.400;3.5;0.5;1;-5
172067;2;17;16.909.686.573.085.800;0.5;0.25;7;16;20.805.982.045.769.600;1.0;0.14285714285714285;1;-5
70074963;2;28;0.9938079899999065;1.0;0.5;7;27;1.118.033.988.749.890;0.0;0.0;1;-5
151179391;2;11;0.6;0.0;0.0;7;10;0.6285393610547089;0.0;0.0;1;-5
25098;7;14;18.397.324.220.155.900;1.0;0.14285714285714285;13;13;2.253.084.305.765.960;1.0;0.07692307692307693;1;-6
41029375;2;12;2.012.358.511.016.240;0.0;0.0;8;11;2.794.637.722.496.420;1.0;0.125;1;-6
130006508;4;6;13.564.659.966.250.500;1.0;0.25;10;5;1.0;1.0;0.1;1;-6
130072114;3;6;0.6324555320336759;0.0;0.0;9;5;0.82915619758885;0.5;0.05555555555555555;1;-6
130190071;3;5;0.0;0.0;0.0;9;4;0.4714045207910317;0.0;0.0;1;-6
105526;7;6;0.0;0.0;0.0;14;5;0.0;0.0;0.0;1;-7
126539;7;8;0.6388765649999399;0.0;0.0;14;7;0.0;0.0;0.0;1;-7
110011472;5;5;0.5;0.5;0.1;12;4;0.816496580927726;1.0;0.08333333333333333;1;-7
110155424;7;6;0.0;0.0;0.0;14;5;0.4330127018922193;0.0;0.0;1;-7
151032038;7;9;0.5994789404140899;0.0;0.0;14;8;0.6388765649999398;0.0;0.0;1;-7
52113;3;11;3.047.950.130.825.630;2.0;0.6666666666666666;11;10;35.901.098.714.230.000;3.0;0.2727272727272727;1;-8
111420;6;6;2.0;0.0;0.0;14;5;0.4330127018922193;0.0;0.0;1;-8
310010010;6;6;12.649.110.640.673.500;0.0;0.0;14;5;0.0;0.0;0.0;1;-8
17851;5;9;23.979.157.616.563.500;0.5;0.1;14;8;20.995.626.366.712.900;1.0;0.07142857142857142;1;-9
22379;4;15;14.142.135.623.730.900;1.5;0.375;13;14;1.065.877.420.042.380;1.0;0.07692307692307693;1;-9
73729;2;7;0.6871842709362768;0.5;0.25;11;6;1.624.807.680.927.190;1.0;0.09090909090909091;1;-9
409531;6;6;1.2;1.0;0.16666666666666666;15;5;0.82915619758885;0.5;0.03333333333333333;1;-9
70017459;2;5;0.8660254037844386;0.0;0.0;11;4;1.632.993.161.855.450;2.0;0.18181818181818182;1;-9
70060509;6;10;10.657.403.385.139.300;1.0;0.16666666666666666;15;9;10.532.687.216.470.400;1.0;0.06666666666666667;1;-9
130043688;5;6;0.9797958971132712;0.0;0.0;14;5;18.027.756.377.319.900;1.5;0.10714285714285714;1;-9
162475;4;6;0.8944271909999159;1.0;0.25;14;5;10.897.247.358.851.600;0.5;0.03571428571428571;1;-10
320000094;3;12;31.986.567.428.653.000;3.0;1.0;13;11;36.180.105.030.251.000;3.5;0.2692307692307692;1;-10
27371;6;7;30.368.111.930.481;2.5;0.4166666666666667;17;6;25.768.197.453.450.200;3.0;0.17647058823529413;1;-11
45037;3;7;19.148.542.155.126.700;0.5;0.16666666666666666;14;6;2.449.489.742.783.170;2.0;0.14285714285714285;1;-11
70032492;2;10;1.247.219.128.924.640;0.0;0.0;13;9;29.553.976.043.842.200;2.0;0.15384615384615385;1;-11
300004155;3;7;11.055.415.967.851.300;1.0;0.3333333333333333;14;6;0.6324555320336759;0.0;0.0;1;-11
22341;7;7;12.133.516.482.134.100;1.0;0.14285714285714285;19;6;19.390.719.429.665.300;1.0;0.05263157894736842;1;-12
82417;15;5;1.920.286.436.967.150;0.5;0.03333333333333333;27;4;1.247.219.128.924.640;1.0;0.037037037037037035;1;-12
110032657;2;8;27.105.237.087.157.500;0.0;0.0;14;7;21.921.577.396.609.800;1.5;0.10714285714285714;1;-12
130100426;3;6;4.664.761.515.876.240;4.0;13.333.333.333.333.300;15;5;4.437.059.837.324.710;4.0;0.26666666666666666;1;-12
150201355;2;5;0.4330127018922193;0.0;0.0;14;4;1.247.219.128.924.640;1.0;0.07142857142857142;1;-12
310018557;3;11;0.8306623862918074;1.0;0.3333333333333333;15;10;1.247.219.128.924.640;1.0;0.06666666666666667;1;-12
92747;16;6;17.888.543.819.998.300;2.0;0.125;29;5;1.118.033.988.749.890;1.0;0.034482758620689655;1;-13
70119776;7;7;18.856.180.831.641.200;2.0;0.2857142857142857;20;6;56.780.278.266.313.500;2.0;0.1;1;-13
151201728;6;6;132.664.991.614.216;1.0;0.16666666666666666;19;5;20.615.528.128.088.300;2.0;0.10526315789473684;1;-13
70233082;2;7;1.0;0.5;0.25;16;6;1.624.807.680.927.190;1.0;0.0625;1;-14
130021769;4;6;22.271.057.451.320.000;2.0;0.5;18;5;17.853.571.071.357.100;1.5;0.08333333333333333;1;-14
151233057;8;7;2.943.920.288.775.940;1.0;0.125;23;6;3.847.076.812.334.260;2.0;0.08695652173913043;1;-15
63288;6;5;0.82915619758885;0.5;0.08333333333333333;22;4;3.299.831.645.537.220;0.0;0.0;1;-16
326120;8;7;1.632.993.161.855.450;1.0;0.125;24;6;37.629.775.444.453.500;3.0;0.125;1;-16
150236723;6;7;22.852.182.001.336.800;1.5;0.25;22;6;28.284.271.247.461.900;2.0;0.09090909090909091;1;-16
150249347;12;5;3.0;3.0;0.25;29;4;0.816496580927726;1.0;0.034482758620689655;1;-17
356967;4;5;18.027.756.377.319.900;1.5;0.375;22;4;4.189.935.029.992.170;3.0;0.13636363636363635;1;-18
100801;7;6;2.244.994.432.064.360;1.0;0.14285714285714285;26;5;2.165.063.509.461.090;1.5;0.057692307692307696;1;-19
70128601;4;5;3.774.917.217.635.370;2.5;0.625;23;4;4.714.045.207.910.310;0.0;0.0;1;-19
130181880;3;6;132.664.991.614.216;1.0;0.3333333333333333;22;5;2.947.456.530.637.890;1.5;0.06818181818181818;1;-19
310001102;12;6;4.498.888.751.680.790;2.0;0.16666666666666666;31;5;3.766.629.793.329.840;2.5;0.08064516129032258;1;-19
155614;7;6;0.7999999999999999;0.0;0.0;27;5;3.640.054.944.640.250;2.5;0.09259259259259259;1;-20
347754;4;6;0.9797958971132712;0.0;0.0;24;5;1.920.286.436.967.150;0.5;0.020833333333333332;1;-20
110077405;7;6;2.785.677.655.436.820;1.0;0.14285714285714285;27;5;4.815.340.071.064.550;4.0;0.14814814814814814;1;-20
120017686;7;5;0.0;0.0;0.0;27;4;0.9428090415820634;0.0;0.0;1;-20
150300101;3;5;20.463.381.929.681.100;1.0;0.3333333333333333;23;4;3.559.026.084.010.430;1.0;0.043478260869565216;1;-20
151201579;10;5;0.7071067811865476;0.5;0.05;30;4;2.943.920.288.775.940;2.0;0.06666666666666667;1;-20
17983;13;5;1.299.038.105.676.650;0.0;0.0;34;4;1.632.993.161.855.450;2.0;0.058823529411764705;1;-21
40010433;2;6;2.8;0.0;0.0;23;5;4.031.128.874.149.270;4.0;0.17391304347826086;1;-21
130116332;7;6;66.211.781.428.987.300;0.0;0.0;29;5;3.832.427.429.188.970;3.5;0.1206896551724138;1;-22
411689;6;6;23.664.319.132.398.400;2.0;0.3333333333333333;29;5;35.619.517.121.937.500;2.5;0.08620689655172414;1;-23
70127888;11;6;31.368.774.282.716.200;2.0;0.18181818181818182;34;5;3.491.060.010.942.230;3.0;0.08823529411764706;1;-23
110020899;3;5;2.165.063.509.461.090;0.0;0.0;26;4;0.816496580927726;1.0;0.038461538461538464;1;-23
130001347;13;4;5.312.459.150.169.740;6.0;0.46153846153846156;36;3;3.0;3.0;0.08333333333333333;1;-23
310001263;8;7;37.601.713.908.928.200;2.5;0.3125;31;6;13.564.659.966.250.500;1.0;0.03225806451612903;1;-23
93727;11;4;2.943.920.288.775.940;2.0;0.18181818181818182;36;3;3.0;3.0;0.08333333333333333;1;-25
329911;14;5;0.82915619758885;0.5;0.03571428571428571;39;4;1.247.219.128.924.640;1.0;0.02564102564102564;1;-25
310018491;10;5;35.355.339.059.327.300;3.5;0.35;35;4;44.969.125.210.773.400;5.0;0.14285714285714285;1;-25
82110;4;6;24.979.991.993.593.500;2.0;0.5;30;5;3.570.714.214.271.420;3.0;0.1;1;-26
70227037;2;8;17.261.494.247.992.200;0.0;0.0;29;7;4.898.979.485.566.350;4.5;0.15517241379310345;1;-27
130019855;17;6;35.777.087.639.996.600;4.0;0.23529411764705882;44;5;3.391.164.991.562.630;2.5;0.056818181818181816;1;-27
120070883;11;6;3.2;0.0;0.0;39;5;2.947.456.530.637.890;1.5;0.038461538461538464;1;-28
41000325;5;5;1.118.033.988.749.890;1.0;0.2;39;4;0.816496580927726;1.0;0.02564102564102564;1;-34
70083903;15;6;6.572.670.690.061.990;1.0;0.06666666666666667;49;5;6.284.902.544.988.260;5.0;0.10204081632653061;1;-34
120032908;4;8;3.585.685.828.003.180;3.0;0.75;38;7;24.094.720.491.334.900;1.5;0.039473684210526314;1;-34
70181148;4;6;25.298.221.281.347.000;2.0;0.5;42;5;4.710.360.920.354.190;3.0;0.07142857142857142;1;-38
50486;2;5;0.7071067811865476;0.5;0.25;41;4;648.074.069.840.786;3.0;0.07317073170731707;1;-39
16677;11;6;5.114.684.741.017.760;5.0;0.45454545454545453;53;5;5.722.761.571.129.790;5.0;0.09433962264150944;1;-42
14246;10;6;5.253.570.214.625.470;3.0;0.3;53;5;5.717.298.313.014.630;3.5;0.0660377358490566;1;-43
200073407;11;6;5.782.732.917.920.380;7.0;0.6363636363636364;59;5;8.496.322.733.983.210;6.5;0.11016949152542373;1;-48
235105;2;18;0.8401680504168059;1.0;0.5;7;16;12.220.201.853.215.500;1.0;0.14285714285714285;2;-5
281833;4;18;21.274.283.905.911.900;1.0;0.25;9;16;2.372.059.583.287.620;1.0;0.1111111111111111;2;-5
130013248;3;9;0.4841229182759271;0.0;0.0;8;7;0.6871842709362768;0.5;0.0625;2;-5
44758;7;10;11.653.431.646.335.000;0.0;0.0;13;8;13.997.084.244.475.300;1.0;0.07692307692307693;2;-6
70012266;7;10;10.657.403.385.139.300;0.0;0.0;13;8;13.552.618.543.578.700;1.0;0.07692307692307693;2;-6
130009413;7;18;31.259.600.601.379.800;1.0;0.14285714285714285;13;16;2.719.477.073.916.150;0.0;0.0;2;-6
130186463;2;7;10.671.873.729.054.700;1.0;0.5;8;5;0.82915619758885;0.5;0.0625;2;-6
150219431;6;8;0.7284313590846835;0.0;0.0;12;6;0.6324555320336759;0.0;0.0;2;-6
320018939;7;7;1.462.494.064.565.350;0.5;0.07142857142857142;13;5;1.224.744.871.391.580;0.5;0.038461538461538464;2;-6
16248;3;16;13.662.601.021.279.400;1.0;0.3333333333333333;10;14;11.200.169.060.431.500;1.0;0.1;2;-7
18984;7;13;14.976.833.963.009.500;0.0;0.0;14;11;19.723.082.923.316.000;0.5;0.03571428571428571;2;-7
78080;4;16;19.275.776.393.067.900;1.0;0.25;11;14;25.067.954.979.692.800;2.0;0.18181818181818182;2;-7
79994;7;6;132.664.991.614.216;1.0;0.14285714285714285;14;4;0.0;0.0;0.0;2;-7
93867;7;14;0.6153846153846155;0.0;0.0;14;12;0.4453617714151233;0.0;0.0;2;-7
70030830;5;10;18.856.180.831.641.200;1.0;0.2;12;8;27.105.237.087.157.500;3.0;0.25;2;-7
120063980;4;7;1.699.673.171.197.590;1.0;0.25;11;5;1.920.286.436.967.150;0.5;0.045454545454545456;2;-7
151259011;14;6;0.0;0.0;0.0;21;4;0.0;0.0;0.0;2;-7
110001564;2;13;14.337.208.778.404.300;1.0;0.5;10;11;116.619.037.896.906;0.5;0.05;2;-8
130015330;3;7;10.671.873.729.054.700;1.0;0.3333333333333333;11;5;0.82915619758885;0.5;0.045454545454545456;2;-8
130023420;4;6;1.019.803.902.718.550;1.0;0.25;12;4;0.0;0.0;0.0;2;-8
130005142;2;14;0.7457969011409737;0.0;0.0;11;12;12.060.453.783.110.500;1.0;0.09090909090909091;2;-9
130006279;6;7;15.723.301.886.761.000;0.5;0.08333333333333333;15;5;2.384.848.003.542.360;2.0;0.13333333333333333;2;-9
130030838;2;7;0.8975274678557507;0.0;0.0;11;5;1.224.744.871.391.580;0.5;0.045454545454545456;2;-9
130113100;2;19;12.825.995.978.461.300;1.5;0.75;11;17;13.919.410.907.075.000;1.0;0.09090909090909091;2;-9
30316;3;9;2.449.489.742.783.170;1.5;0.5;13;7;2.544.056.253.745.620;2.5;0.19230769230769232;2;-10
130562;7;9;14.142.135.623.730.900;1.5;0.21428571428571427;17;7;18.856.180.831.641.200;1.0;0.058823529411764705;2;-10
179069;4;6;0.7483314773547882;1.0;0.25;14;4;0.4714045207910317;0.0;0.0;2;-10
70051642;4;11;21.656.407.827.707.700;2.0;0.5;14;9;13.635.890.143.294.600;0.5;0.03571428571428571;2;-10
12203;2;8;30.572.763.655.760.900;1.0;0.5;13;6;34.641.016.151.377.500;3.0;0.23076923076923078;2;-11
97937;7;6;31.622.776.601.683.700;1.0;0.14285714285714285;18;4;2.943.920.288.775.940;2.0;0.1111111111111111;2;-11
260909;9;7;14.624.940.645.653.500;0.5;0.05555555555555555;20;5;0.8660254037844386;0.0;0.0;2;-11
110017627;6;9;29.764.702.249.476.600;1.0;0.16666666666666666;17;7;414.996.653.266.291;3.0;0.17647058823529413;2;-11
130069089;2;12;0.8999540851465151;1.0;0.5;13;10;13.698.697.784.375.500;1.0;0.07692307692307693;2;-11
310009376;7;8;1.498.298.354.528.780;0.0;0.0;18;6;30.724.582.991.474.400;2.0;0.1111111111111111;2;-11
90776;5;7;24.094.720.491.334.900;1.5;0.3;17;5;2.384.848.003.542.360;2.0;0.11764705882352941;2;-12
260910;9;7;14.624.940.645.653.500;0.5;0.05555555555555555;21;5;0.8660254037844386;0.0;0.0;2;-12
419724;2;6;10.954.451.150.103.300;1.0;0.5;14;4;0.816496580927726;1.0;0.07142857142857142;2;-12
120067063;9;7;2.054.804.667.656.320;1.0;0.1111111111111111;21;5;0.82915619758885;0.5;0.023809523809523808;2;-12
300024152;4;6;1.019.803.902.718.550;1.0;0.25;16;4;0.9428090415820634;0.0;0.0;2;-12
51258;8;7;4.0;2.0;0.25;21;5;32.691.742.076.555.000;1.5;0.07142857142857142;2;-13
71742;2;6;0.8;0.0;0.0;15;4;0.4714045207910317;0.0;0.0;2;-13
77571;2;12;18.136.306.675.690.900;1.0;0.5;15;10;15.234.788.000.891.200;1.0;0.06666666666666667;2;-13
122908;13;5;1.479.019.945.774.900;1.0;0.07692307692307693;26;3;2.0;2.0;0.07692307692307693;2;-13
317626;8;10;2.948.110.924.760.350;0.0;0.0;21;8;531.843.156.256.751;7.0;0.3333333333333333;2;-13
130019539;7;6;0.6324555320336759;0.0;0.0;20;4;0.9428090415820634;0.0;0.0;2;-13
151030446;3;7;30.368.111.930.480.900;0.5;0.16666666666666666;16;5;406.201.920.231.798;3.0;0.1875;2;-13
310011009;2;10;18.724.777.273.725.200;1.0;0.5;15;8;12.936.264.483.053.400;0.0;0.0;2;-13
27695;2;6;13.564.659.966.250.500;0.0;0.0;16;4;20.548.046.676.563.200;2.0;0.125;2;-14
40008223;7;6;0.0;0.0;0.0;21;4;0.0;0.0;0.0;2;-14
130002050;14;7;0.5773502691896257;0.0;0.0;28;5;0.4330127018922193;0.0;0.0;2;-14
130030040;14;7;0.5773502691896257;0.0;0.0;28;5;0.4330127018922193;0.0;0.0;2;-14
130037874;5;6;13.564.659.966.250.500;1.0;0.2;19;4;0.9428090415820634;0.0;0.0;2;-14
24979;8;9;33.819.373.146.171.700;2.0;0.25;23;7;4.5;3.0;0.13043478260869565;2;-15
304539;8;6;20.976.176.963.403.000;1.0;0.125;23;4;2.943.920.288.775.940;2.0;0.08695652173913043;2;-15
130004400;7;8;36.027.200.608.338.500;1.0;0.14285714285714285;22;6;4.166.533.331.199.930;1.0;0.045454545454545456;2;-15
23991;10;7;445.034.330.760.623;3.0;0.3;26;5;4.272.001.872.658.760;4.0;0.15384615384615385;2;-16
70077802;14;7;2.034.425.935.955.610;1.0;0.07142857142857142;30;5;2.345.207.879.911.710;0.5;0.016666666666666666;2;-16
150209934;5;6;2.244.994.432.064.360;2.0;0.4;21;4;0.0;0.0;0.0;2;-16
17277;7;6;4.166.533.331.199.930;1.0;0.14285714285714285;24;4;2.494.438.257.849.290;2.0;0.08333333333333333;2;-17
72804;3;11;20.976.176.963.403.000;0.0;0.0;21;9;4.768.057.780.690.160;2.5;0.11904761904761904;2;-18
150200856;4;9;20.879.116.360.612.500;1.5;0.375;22;7;2.211.083.193.570.260;1.0;0.045454545454545456;2;-18
70110316;6;7;31.622.776.601.683.700;2.0;0.3333333333333333;25;5;0.82915619758885;0.5;0.02;2;-19
300021868;3;6;17.435.595.774.162.600;0.0;0.0;22;4;2.449.489.742.783.170;3.0;0.13636363636363635;2;-19
79226;12;6;36.660.605.559.646.700;4.0;0.3333333333333333;32;4;2.494.438.257.849.290;2.0;0.0625;2;-20
329071;9;9;4.054.318.685.056.710;2.0;0.2222222222222222;29;7;2.0;0.5;0.017241379310344827;2;-20
130005907;9;7;26.087.459.737.497.500;2.0;0.2222222222222222;29;5;2.277.608.394.786.070;1.0;0.034482758620689655;2;-20
130037038;15;7;21.343.747.458.109.400;1.0;0.06666666666666667;35;5;1.5;0.5;0.014285714285714285;2;-20
25492;7;9;27.726.341.266.023.500;2.0;0.2857142857142857;28;7;32.360.813.064.912.600;0.5;0.017857142857142856;2;-21
59516;12;6;33.105.890.714.493.600;3.0;0.25;33;4;37.416.573.867.739.400;3.0;0.09090909090909091;2;-21
321710;6;7;32.360.813.064.912.600;3.0;0.5;27;5;5.431.390.245.600.100;4.0;0.14814814814814814;2;-21
70016333;7;8;35.799.897.388.976.100;3.0;0.42857142857142855;28;6;37.202.150.475.476.500;3.0;0.10714285714285714;2;-21
130184223;7;7;0.816496580927726;1.0;0.14285714285714285;28;5;1.118.033.988.749.890;1.0;0.03571428571428571;2;-21
320041988;8;6;31.874.754.901.018.400;3.0;0.375;29;4;26.246.692.913.372.700;1.0;0.034482758620689655;2;-21
37967;9;7;38.477.987.935.383.900;3.0;0.3333333333333333;31;5;324.037.034.920.393;2.0;0.06451612903225806;2;-22
70051158;5;8;2.294.625.486.315.570;2.0;0.4;27;6;32.619.012.860.600.100;2.0;0.07407407407407407;2;-22
54227;2;5;1.299.038.105.676.650;0.0;0.0;25;3;2.5;2.5;0.1;2;-23
310018665;6;6;29.393.876.913.398.100;3.0;0.5;29;4;3.265.986.323.710.900;4.0;0.13793103448275862;2;-23
265591;7;6;2.785.677.655.436.820;2.0;0.2857142857142857;31;4;3.091.206.165.165.230;1.0;0.03225806451612903;2;-24
70062060;5;6;4.604.345.773.288.530;3.0;0.6;30;4;2.494.438.257.849.290;2.0;0.06666666666666667;2;-25
110074746;3;7;2.5;0.5;0.16666666666666666;28;5;229.128.784.747.792;1.5;0.05357142857142857;2;-25
52932;4;6;4.0;0.0;0.0;30;4;5.312.459.150.169.740;6.0;0.2;2;-26
40026458;10;6;2.993.325.909.419.150;3.0;0.3;36;4;1.699.673.171.197.590;1.0;0.027777777777777776;2;-26
25820;2;7;28.674.417.556.808.700;0.5;0.25;29;5;5.196.152.422.706.630;4.0;0.13793103448275862;2;-27
35490;11;7;24.267.032.964.268.300;1.5;0.13636363636363635;38;5;229.128.784.747.792;1.5;0.039473684210526314;2;-27
361197;4;7;34.034.296.427.770.200;0.5;0.125;31;5;2.384.848.003.542.360;2.0;0.06451612903225806;2;-27
61831;2;6;15.491.933.384.829.600;0.0;0.0;30;4;20.548.046.676.563.200;2.0;0.06666666666666667;2;-28
165643;7;6;4.454.211.490.264.010;5.0;0.7142857142857143;35;4;339.934.634.239.519;2.0;0.05714285714285714;2;-28
407988;8;6;3.709.447.398.198.280;2.0;0.25;37;4;3.559.026.084.010.430;1.0;0.02702702702702703;2;-29
110002488;4;6;10.198.039.027.185.500;1.0;0.25;33;4;1.632.993.161.855.450;2.0;0.06060606060606061;2;-29
310013426;2;6;0.0;0.0;0.0;31;4;8.178.562.764.256.860;9.0;0.2903225806451613;2;-29
99964;5;7;5.597.618.541.248.880;2.5;0.5;35;5;4.710.360.920.354.190;3.0;0.08571428571428572;2;-30
410291;2;7;1.462.494.064.565.350;0.0;0.0;32;5;2.692.582.403.567.250;1.0;0.03125;2;-30
130074788;4;7;24.094.720.491.334.900;1.0;0.25;34;5;4.322.904.116.447.640;4.0;0.11764705882352941;2;-30
68622;2;6;233.238.075.793.812;0.0;0.0;33;4;2.943.920.288.775.940;2.0;0.06060606060606061;2;-31
153357;20;6;30.983.866.769.659.300;2.0;0.1;51;4;1.699.673.171.197.590;1.0;0.0196078431372549;2;-31
70028329;5;7;3.590.109.871.423.000;2.5;0.5;37;5;3.774.917.217.635.370;2.5;0.06756756756756757;2;-32
41120;7;7;4.422.166.387.140.530;2.5;0.35714285714285715;40;5;4.968.651.728.587.940;4.0;0.1;2;-33
150268616;5;6;39.496.835.316.262.900;3.0;0.6;38;4;496.655.480.858.378;1.0;0.02631578947368421;2;-33
151187586;16;6;4.079.215.610.874.220;1.0;0.0625;49;4;14.142.135.623.730.900;0.0;0.0;2;-33
40951;9;6;3.555.277.766.926.230;2.0;0.2222222222222222;46;4;36.817.870.057.290.800;4.0;0.08695652173913043;2;-37
66147;6;6;18.330.302.779.823.300;1.0;0.16666666666666666;44;4;4.642.796.092.394.700;3.0;0.06818181818181818;2;-38
153984;4;7;44.969.125.210.773.400;1.5;0.375;42;5;35.355.339.059.327.300;2.5;0.05952380952380952;2;-38
130006913;11;6;31.240.998.703.626.600;1.0;0.09090909090909091;50;4;339.934.634.239.519;2.0;0.04;2;-39
52740;12;6;5.314.132.102.234.560;4.0;0.3333333333333333;52;4;37.712.361.663.282.500;0.0;0.0;2;-40
70126074;2;6;0.4000000000000001;0.0;0.0;46;4;4.546.060.565.661.950;4.0;0.08695652173913043;2;-44
120025685;12;6;2.870.540.018.881.460;1.0;0.08333333333333333;57;4;38.586.123.009.300.700;2.0;0.03508771929824561;2;-45
71179;6;6;14.142.135.623.730.900;1.0;0.16666666666666666;53;4;6.128.258.770.283.410;7.0;0.1320754716981132;2;-47
112718;6;6;14.142.135.623.730.900;1.0;0.16666666666666666;53;4;6.128.258.770.283.410;7.0;0.1320754716981132;2;-47
112719;6;6;14.142.135.623.730.900;1.0;0.16666666666666666;53;4;6.128.258.770.283.410;7.0;0.1320754716981132;2;-47
110120931;4;6;13.564.659.966.250.500;1.0;0.25;51;4;3.299.831.645.537.220;3.0;0.058823529411764705;2;-47
70042178;12;5;414.578.098.794.425;2.5;0.20833333333333334;60;3;7.5;7.5;0.125;2;-48
40041318;15;5;16.583.123.951.777;1.0;0.06666666666666667;66;3;2.5;2.5;0.03787878787878788;2;-51
354782;6;6;3.2;2.0;0.3333333333333333;66;4;496.655.480.858.378;1.0;0.015151515151515152;2;-60
354784;6;6;3.2;2.0;0.3333333333333333;66;4;496.655.480.858.378;1.0;0.015151515151515152;2;-60
70143703;4;6;3.794.733.192.202.050;1.0;0.25;64;4;4.546.060.565.661.950;4.0;0.0625;2;-60
21078;4;6;3.919.183.588.453.080;0.0;0.0;67;4;6.548.960.901.462.830;7.0;0.1044776119402985;2;-63
14404;2;18;12.422.771.812.907.500;1.0;0.5;7;15;1.749.635.530.559.410;1.5;0.21428571428571427;3;-5
54196;2;18;0.7058823529411765;1.0;0.5;7;15;0.7423074889580902;1.0;0.14285714285714285;3;-5
419835;2;8;0.989743318610787;0.0;0.0;7;5;0.82915619758885;0.5;0.07142857142857142;3;-5
110113375;2;8;0.7559289460184544;1.0;0.5;7;5;0.4330127018922193;0.0;0.0;3;-5
132145;4;10;10.540.925.533.894.500;1.0;0.25;10;7;13.743.685.418.725.500;1.0;0.1;3;-6
110099567;2;13;1.707.825.127.659.930;1.0;0.5;8;10;23.778.816.176.702.900;1.0;0.125;3;-6
26414;7;9;0.5994789404140899;0.0;0.0;14;6;0.4898979485566356;0.0;0.0;3;-7
44016;7;9;0.33071891388307384;0.0;0.0;14;6;0.0;0.0;0.0;3;-7
337978;7;7;0.37267799624996495;0.0;0.0;14;4;0.4714045207910317;0.0;0.0;3;-7
130077934;7;9;12.183.492.931.011.200;1.0;0.14285714285714285;14;6;10.198.039.027.185.500;1.0;0.07142857142857142;3;-7
150193520;7;12;1.304.790.917.673.390;1.0;0.14285714285714285;14;9;0.6614378277661477;0.0;0.0;3;-7
200125762;7;12;17.104.443.383.842.500;1.0;0.14285714285714285;14;9;15.761.900.266.148.100;1.5;0.10714285714285714;3;-7
326934;3;7;0.9428090415820634;0.5;0.16666666666666666;11;4;0.9428090415820634;0.0;0.0;3;-8
70170773;4;10;21.081.851.067.789.100;2.0;0.5;12;7;21.147.629.234.082.500;1.5;0.125;3;-8
130032570;4;12;14.826.824.027.545.500;1.0;0.25;12;9;14.142.135.623.730.900;1.5;0.125;3;-8
70022658;5;14;2.266.295.363.485.570;2.0;0.4;14;11;22.891.046.284.519.100;2.0;0.14285714285714285;3;-9
150221302;3;18;2.419.642.800.141.540;2.0;0.6666666666666666;12;15;35.692.850.710.425.600;3.0;0.25;3;-9
32617;3;12;19.708.621.262.435.200;1.0;0.3333333333333333;13;9;32.307.119.958.300.200;2.5;0.19230769230769232;3;-10
54693;2;10;23.465.235.646.603.100;1.0;0.5;12;7;2.886.751.345.948.120;1.0;0.08333333333333333;3;-10
70006816;3;19;12.422.599.874.998.800;1.0;0.3333333333333333;13;16;16.110.727.964.792.700;1.0;0.07692307692307693;3;-10
110163462;3;12;2.606.412.943.060.260;2.0;0.6666666666666666;13;9;34.550.687.402.713.100;2.5;0.19230769230769232;3;-10
38144;2;7;0.9428090415820634;0.0;0.0;13;4;0.816496580927726;1.0;0.07692307692307693;3;-11
40628;2;10;10.304.020.550.550.700;0.0;0.0;13;7;13.437.096.247.164.200;1.0;0.07692307692307693;3;-11
76795;3;7;11.055.415.967.851.300;1.0;0.3333333333333333;14;4;1.632.993.161.855.450;2.0;0.14285714285714285;3;-11
416967;6;7;10.671.873.729.054.700;0.5;0.08333333333333333;17;4;1.247.219.128.924.640;1.0;0.058823529411764705;3;-11
110021310;2;11;19.000.000.000.000.000;0.0;0.0;13;8;20.701.966.780.270.600;1.0;0.07692307692307693;3;-11
15243;2;7;10.671.873.729.054.700;0.5;0.25;14;4;14.142.135.623.730.900;0.0;0.0;3;-12
70050567;7;9;3.031.088.913.245.530;2.5;0.35714285714285715;20;6;25.612.496.949.731.300;2.0;0.1;3;-13
200104787;6;12;205.703.790.890.632;1.0;0.16666666666666666;19;9;2.222.048.604.328.890;1.0;0.05263157894736842;3;-13
310001868;6;9;16.393.596.310.755;1.0;0.16666666666666666;19;6;12.000.000.000.000.000;1.0;0.05263157894736842;3;-13
11228;8;7;15.986.105.077.709.000;1.0;0.125;22;4;26.246.692.913.372.700;1.0;0.045454545454545456;3;-14
151221;7;7;17.950.549.357.115.000;1.0;0.14285714285714285;21;4;1.247.219.128.924.640;1.0;0.047619047619047616;3;-14
222988;7;7;3.531.603.350.069.510;1.0;0.14285714285714285;21;4;3.858.612.300.930.070;2.0;0.09523809523809523;3;-14
130024218;2;7;14.142.135.623.730.900;0.5;0.25;16;4;0.4714045207910317;0.0;0.0;3;-14
130063973;14;8;0.7559289460184544;1.0;0.07142857142857142;28;5;0.7071067811865476;0.5;0.017857142857142856;3;-14
150299562;7;9;1.118.033.988.749.890;0.5;0.07142857142857142;21;6;0.7483314773547883;1.0;0.047619047619047616;3;-14
320000013;5;7;21.343.747.458.109.400;2.0;0.4;19;4;20.548.046.676.563.200;2.0;0.10526315789473684;3;-14
35834;2;7;0.3726779962499649;0.0;0.0;17;4;1.699.673.171.197.590;1.0;0.058823529411764705;3;-15
293801;8;9;28.034.576.865.007.200;2.5;0.3125;23;6;15.999.999.999.999.900;2.0;0.08695652173913043;3;-15
70083512;6;7;3.435.921.354.681.380;1.0;0.16666666666666666;21;4;3.559.026.084.010.430;1.0;0.047619047619047616;3;-15
151194296;5;7;2.516.611.478.423.580;3.0;0.6;20;4;1.247.219.128.924.640;1.0;0.05;3;-15
11407;9;9;2.179.449.471.770.330;1.5;0.16666666666666666;25;6;26.832.815.729.997.400;3.0;0.12;3;-16
70178752;3;10;446.661.138.716.484;2.0;0.6666666666666666;19;7;530.461.015.427.985;4.5;0.23684210526315788;3;-16
110015522;4;8;21.852.940.772.540.500;2.0;0.5;20;5;2.179.449.471.770.330;1.0;0.05;3;-16
130032100;6;10;4.201.704.533.597.560;3.0;0.5;23;7;5.343.739.847.293.790;3.5;0.15217391304347827;3;-17
88809;9;8;4.203.982.562.732.040;2.0;0.2222222222222222;27;5;32.015.621.187.164.200;2.5;0.09259259259259259;3;-18
98873;2;7;18.929.694.486.000.900;0.5;0.25;20;4;44.969.125.210.773.400;1.0;0.05;3;-18
130000834;8;7;2.5;1.5;0.1875;26;4;26.246.692.913.372.700;1.0;0.038461538461538464;3;-18
130033797;4;9;248.746.859.276.655;2.5;0.625;22;6;4.166.533.331.199.930;1.0;0.045454545454545456;3;-18
310018664;7;7;28.087.165.910.587.800;1.5;0.21428571428571427;25;4;3.681.787.005.729.080;4.0;0.16;3;-18
70015836;7;7;3.975.620.147.292.180;3.0;0.42857142857142855;26;4;30.912.061.651.652.300;1.0;0.038461538461538464;3;-19
120027054;5;7;2.753.785.273.643.050;2.0;0.4;24;4;1.699.673.171.197.590;1.0;0.041666666666666664;3;-19
150207094;3;9;4.151.430.476.353.900;5.0;16.666.666.666.666.600;22;6;4.758.150.901.348.120;5.0;0.22727272727272727;3;-19
151236793;2;7;2.140.872.096.444.180;0.0;0.0;21;4;3.559.026.084.010.430;1.0;0.047619047619047616;3;-19
130096526;8;7;4.163.331.998.932.260;3.5;0.4375;28;4;49.216.076.867.444.600;5.0;0.17857142857142858;3;-20
310018100;3;9;4.322.904.116.447.640;0.5;0.16666666666666666;23;6;5.535.341.001.239.210;4.0;0.17391304347826086;3;-20
99235;4;7;1.699.673.171.197.590;1.0;0.25;26;4;1.699.673.171.197.590;1.0;0.038461538461538464;3;-22
190618;3;8;2.664.965.443.739.660;1.0;0.3333333333333333;25;5;20.463.381.929.681.100;1.0;0.04;3;-22
233479;9;9;36.033.838.263.498.900;2.0;0.2222222222222222;31;6;34.409.301.068.170.500;4.0;0.12903225806451613;3;-22
150182759;4;10;2.698.879.511.442.470;2.0;0.5;26;7;29.860.788.111.948.100;2.5;0.09615384615384616;3;-22
150252212;6;9;18.540.496.217.739.100;1.0;0.16666666666666666;28;6;13.266.499.161.421.500;1.0;0.03571428571428571;3;-22
200082672;7;10;3.095.197.394.929.800;2.0;0.2857142857142857;29;7;21.921.577.396.609.800;1.0;0.034482758620689655;3;-22
70039343;21;7;4.268.749.491.621.890;4.0;0.19047619047619047;44;4;1.699.673.171.197.590;1.0;0.022727272727272728;3;-23
66571;13;7;339.934.634.239.519;2.0;0.15384615384615385;37;4;1.699.673.171.197.590;1.0;0.02702702702702703;3;-24
110090078;4;9;29.553.976.043.842.200;0.0;0.0;28;6;25.612.496.949.731.300;2.0;0.07142857142857142;3;-24
150209166;7;7;1.707.825.127.659.930;1.0;0.14285714285714285;31;4;23.570.226.039.551.500;0.0;0.0;3;-24
70226511;2;8;12.777.531.299.998.700;1.0;0.5;28;5;31.622.776.601.683.700;3.0;0.10714285714285714;3;-26
151042449;9;7;32.360.813.064.912.600;1.0;0.1111111111111111;35;4;2.357.022.603.955.150;0.0;0.0;3;-26
310017973;6;7;5.185.449.728.701.340;5.0;0.8333333333333334;32;4;44.969.125.210.773.400;5.0;0.15625;3;-26
252480;7;8;46.291.004.988.627.500;5.0;0.7142857142857143;34;5;3.418.698.582.794.330;2.5;0.07352941176470588;3;-27
70025876;12;7;30.413.812.651.491.000;1.5;0.125;41;4;0.0;0.0;0.0;3;-29
26305;2;7;0.816496580927726;1.0;0.5;32;4;6.599.663.291.074.440;6.0;0.1875;3;-30
28553;5;8;22.038.926.600.773.500;2.0;0.4;35;5;0.8660254037844386;0.0;0.0;3;-30
130017701;5;7;429.793.231.940.921;1.5;0.3;35;4;36.817.870.057.290.800;4.0;0.11428571428571428;3;-30
69259;6;7;3.872.983.346.207.410;3.0;0.5;37;4;4.988.876.515.698.580;4.0;0.10810810810810811;3;-31
379310;6;7;40.276.819.911.981.900;2.5;0.4166666666666667;37;4;3.559.026.084.010.430;1.0;0.02702702702702703;3;-31
410463;4;7;1.674.979.270.186.810;0.0;0.0;35;4;5.734.883.511.361.750;6.0;0.17142857142857143;3;-31
108975;4;7;22.852.182.001.336.800;2.5;0.625;36;4;1.247.219.128.924.640;1.0;0.027777777777777776;3;-32
194094;14;7;4.297.932.319.409.200;4.0;0.2857142857142857;46;4;2.160.246.899.469.280;1.0;0.021739130434782608;3;-32
300018553;2;7;14.907.119.849.998.500;0.0;0.0;34;4;4.898.979.485.566.350;6.0;0.17647058823529413;3;-32
95213;4;7;2.692.582.403.567.250;1.5;0.375;37;4;6.649.979.114.420.000;2.0;0.05405405405405406;3;-33
365129;11;7;3.640.054.944.640.250;1.5;0.13636363636363635;46;4;30.912.061.651.652.300;1.0;0.021739130434782608;3;-35
110105743;3;8;2.813.959.371.941.740;1.0;0.3333333333333333;38;5;2.5;2.5;0.06578947368421052;3;-35
104628;4;7;2.733.536.577.809.450;3.0;0.75;40;4;1.699.673.171.197.590;1.0;0.025;3;-36
162245;4;7;2.733.536.577.809.450;3.0;0.75;40;4;1.699.673.171.197.590;1.0;0.025;3;-36
110043648;7;9;3.526.683.994.916.470;3.0;0.42857142857142855;43;6;5.986.651.818.838.300;6.0;0.13953488372093023;3;-36
150199574;2;9;1.984.313.483.298.440;0.0;0.0;38;6;5.314.132.102.234.560;1.0;0.02631578947368421;3;-36
130000587;4;7;2.793.842.435.706.700;1.0;0.25;46;4;44.969.125.210.773.400;5.0;0.10869565217391304;3;-42
396219;8;7;5.880.759.588.125.780;3.5;0.4375;51;4;37.416.573.867.739.400;3.0;0.058823529411764705;3;-43
130099751;5;7;24.094.720.491.334.900;1.0;0.2;48;4;6.128.258.770.283.410;7.0;0.14583333333333334;3;-43
151244524;6;7;4.487.637.339.278.750;3.0;0.5;50;4;44.969.125.210.773.400;1.0;0.02;3;-44
126895;5;7;4.425.306.015.783.910;3.0;0.6;50;4;4.642.796.092.394.700;3.0;0.06;3;-45
206765;3;7;0.4714045207910317;0.0;0.0;49;4;771.722.460.186.015;4.0;0.08163265306122448;3;-46
70064817;10;7;4.5;5.5;0.55;57;4;20.548.046.676.563.200;2.0;0.03508771929824561;3;-47
26374;11;7;36.514.837.167.011.000;3.5;0.3181818181818182;60;4;5.887.840.577.551.890;4.0;0.06666666666666667;3;-49
51249;10;7;49.805.175.991.613.100;4.5;0.45;59;4;28.674.417.556.808.700;3.0;0.05084745762711865;3;-49
70134411;6;8;39.175.169.145.148.800;1.0;0.16666666666666666;55;5;4.183.300.132.670.370;1.5;0.02727272727272727;3;-49
260819;6;7;30.368.111.930.481;1.5;0.25;59;4;5.557.777.333.511.020;3.0;0.05084745762711865;3;-53
200062024;7;7;339.934.634.239.519;3.0;0.42857142857142855;62;4;1.247.219.128.924.640;1.0;0.016129032258064516;3;-55
380074;5;7;40.722.639.076.235.300;2.5;0.5;61;4;4.189.935.029.992.170;3.0;0.04918032786885246;3;-56
135108;10;7;679.869.268.479.038;3.0;0.3;67;4;8.259.674.462.242.570;1.0;0.014925373134328358;3;-57
74693;7;7;59.066.817.155.564.400;4.5;0.6428571428571429;65;4;7.760.297.817.881.870;9.0;0.13846153846153847;3;-58
150278056;6;7;4.281.744.192.888.370;2.5;0.4166666666666667;67;4;6.599.663.291.074.440;6.0;0.08955223880597014;3;-61
85198;7;7;6.593.346.814.950.820;2.5;0.35714285714285715;75;4;9.177.266.598.624.130;7.0;0.09333333333333334;3;-68
13892;2;22;1.361.938.061.530.960;1.0;0.5;7;18;20.017.293.561.380.600;2.0;0.2857142857142857;4;-5
306718;7;11;0.6403124237432849;0.5;0.07142857142857142;12;7;0.3726779962499649;0.0;0.0;4;-5
306719;7;11;0.6403124237432849;0.5;0.07142857142857142;12;7;0.3726779962499649;0.0;0.0;4;-5
130119583;4;12;1.431.637.795.274.870;1.0;0.25;9;8;15.518.257.844.571.700;1.0;0.1111111111111111;4;-5
151174763;2;20;0.45883146774112354;0.0;0.0;7;16;0.6182412330330469;0.0;0.0;4;-5
10014;2;13;135.400.640.077.266;0.0;0.0;8;9;2.0;1.5;0.1875;4;-6
130020350;7;14;11.200.169.060.431.500;0.0;0.0;13;10;12.570.787.221.094.100;1.0;0.07692307692307693;4;-6
13961;7;10;0.0;0.0;0.0;14;6;0.0;0.0;0.0;4;-7
15177;7;14;0.9970370305242863;1.0;0.14285714285714285;14;10;0.816496580927726;0.0;0.0;4;-7
41012181;6;14;38.752.743.747.107.600;2.0;0.3333333333333333;13;10;3.197.221.015.541.810;1.0;0.07692307692307693;4;-7
70028514;7;13;30.675.270.532.176.600;2.0;0.2857142857142857;14;9;35.355.339.059.327.300;3.0;0.21428571428571427;4;-7
163923;5;9;13.919.410.907.075.000;1.5;0.3;13;5;0.82915619758885;0.5;0.038461538461538464;4;-8
130008428;6;11;19.209.372.712.298.500;1.0;0.16666666666666666;14;7;24.324.199.198.877.300;2.0;0.14285714285714285;4;-8
98214;6;13;26.246.692.913.372.700;2.0;0.3333333333333333;15;9;3.461.845.606.031.550;3.0;0.2;4;-9
70178283;2;25;0.9428090415820634;1.0;0.5;11;21;15.329.709.716.755.800;1.0;0.09090909090909091;4;-9
70599;3;15;18.126.539.343.499.300;1.0;0.3333333333333333;13;11;10.198.039.027.185.500;0.5;0.038461538461538464;4;-10
130038927;2;11;0.8;0.0;0.0;12;7;11.547.005.383.792.500;0.5;0.041666666666666664;4;-10
130063528;2;19;0.7453559924999299;0.0;0.0;12;15;14.498.416.521.560.300;1.5;0.125;4;-10
35585;3;9;14.523.687.548.277.800;1.0;0.3333333333333333;14;5;1.920.286.436.967.150;1.5;0.10714285714285714;4;-11
373739;2;13;0.8620067027323834;1.0;0.5;13;9;2.179.449.471.770.330;2.0;0.15384615384615385;4;-11
70007797;3;13;1.479.019.945.774.900;1.0;0.3333333333333333;14;9;18.027.756.377.319.900;1.5;0.10714285714285714;4;-11
130010510;2;15;14.374.722.712.498.600;0.5;0.25;13;11;1.676.305.461.424.020;1.0;0.07692307692307693;4;-11
130099442;2;12;25.160.640.914.723.700;0.0;0.0;13;8;36.421.567.954.234.100;0.0;0.0;4;-11
130140123;2;16;15.347.819.244.295.100;1.0;0.5;13;12;23.741.027.013.091.900;2.0;0.15384615384615385;4;-11
150182653;2;19;10.671.873.729.054.700;0.0;0.0;13;15;19.338.551.958.115.500;0.5;0.038461538461538464;4;-11
16739;9;9;2.315.032.397.181.510;1.5;0.16666666666666666;21;5;32.691.742.076.555.000;2.5;0.11904761904761904;4;-12
409767;6;10;23.570.226.039.551.500;2.0;0.3333333333333333;18;6;3.2;4.0;0.2222222222222222;4;-12
70168510;12;9;21.065.374.432.940.800;1.0;0.08333333333333333;24;5;21.213.203.435.596.400;1.5;0.0625;4;-12
140034812;5;9;2.0;0.0;0.0;18;5;1.299.038.105.676.650;1.0;0.05555555555555555;4;-13
21935;2;9;26.896.793.489.187.500;0.0;0.0;16;5;50.682.837.331.783.200;4.0;0.25;4;-14
250752;4;9;3.152.380.053.229.620;1.5;0.375;18;5;3.344.772.040.064.910;2.0;0.1111111111111111;4;-14
17463;2;10;24.695.678.634.325.400;0.0;0.0;17;6;4.586.937.976.471.880;3.0;0.17647058823529413;4;-15
41009171;7;9;10.897.247.358.851.600;1.0;0.14285714285714285;22;5;18.027.756.377.319.900;1.5;0.06818181818181818;4;-15
130021163;7;9;18.708.286.933.869.700;0.0;0.0;23;5;0.4330127018922193;0.0;0.0;4;-16
150269763;7;9;3.122.498.999.199.190;1.0;0.14285714285714285;24;5;28.613.807.855.648.900;2.5;0.10416666666666667;4;-17
141449;2;9;10.532.687.216.470.400;1.0;0.5;20;5;32.015.621.187.164.200;2.5;0.125;4;-18
151259990;2;9;17.633.419.974.582.300;0.0;0.0;20;5;10.897.247.358.851.600;0.5;0.025;4;-18
310002180;3;9;17.320.508.075.688.700;0.5;0.16666666666666666;22;5;2.958.039.891.549.800;2.0;0.09090909090909091;4;-19
12947;2;9;16.393.596.310.755;0.0;0.0;22;5;4.330.127.018.922.190;3.0;0.13636363636363635;4;-20
40012447;4;12;2.675.261.630.829.480;2.0;0.5;24;8;26.649.654.437.396.600;2.0;0.08333333333333333;4;-20
31099;2;12;1.504.813.214.295.160;0.0;0.0;23;8;32.888.184.094.918.100;2.0;0.08695652173913043;4;-21
222586;5;10;3.235.604.395.235.780;3.0;0.6;26;6;38.157.568.056.677.800;5.0;0.19230769230769232;4;-21
150244253;5;10;23.934.065.809.486.600;2.0;0.4;26;6;448.998.886.412.873;2.0;0.07692307692307693;4;-21
11951;4;9;26.339.134.382.131.800;2.0;0.5;26;5;27.386.127.875.258.300;2.0;0.07692307692307693;4;-22
110109432;6;10;2.657.391.276.244.750;1.0;0.16666666666666666;28;6;28.284.271.247.461.900;2.0;0.07142857142857142;4;-22
20869;2;9;16.909.686.573.085.800;0.0;0.0;25;5;5.024.937.810.560.440;3.5;0.14;4;-23
93459;3;11;24.000.000.000.000.000;1.0;0.3333333333333333;26;7;3.947.573.094.109.000;4.0;0.15384615384615385;4;-23
70013901;2;10;23.934.065.809.486.600;1.0;0.5;25;6;3.286.335.345.030.990;1.0;0.04;4;-23
70058177;6;9;447.213.595.499.958;3.5;0.5833333333333334;30;5;15.811.388.300.841.800;1.5;0.05;4;-24
130039005;7;9;4.0;2.5;0.35714285714285715;32;5;1.920.286.436.967.150;1.5;0.046875;4;-25
66478;8;9;2.117.634.293.262.170;0.5;0.0625;34;5;33.541.019.662.496.800;3.0;0.08823529411764706;4;-26
130177794;7;10;31.894.889.098.682.900;2.0;0.2857142857142857;33;6;3.919.183.588.453.080;4.0;0.12121212121212122;4;-26
81738;3;10;35.901.098.714.230.000;0.0;0.0;31;6;6.013.318.551.349.160;5.0;0.16129032258064516;4;-28
376868;3;9;12.686.114.456.365.200;1.0;0.3333333333333333;31;5;28.613.807.855.648.900;2.5;0.08064516129032258;4;-28
310012322;7;9;3.370.367.190.678.190;1.5;0.21428571428571427;35;5;46.097.722.286.464.400;3.5;0.1;4;-28
91734;3;9;3.585.997.071.945.260;2.0;0.6666666666666666;32;5;248.746.859.276.655;0.5;0.015625;4;-29
372872;5;9;254.644.359.843.292;2.0;0.4;36;5;4.763.139.720.814.410;2.0;0.05555555555555555;4;-31
150220040;6;9;4.240.798.863.421.840;3.5;0.5833333333333334;42;5;4.968.651.728.587.940;3.5;0.08333333333333333;4;-36
150288498;2;9;1.0;0.0;0.0;43;5;5.937.171.043.518.950;3.0;0.06976744186046512;4;-41
70023276;2;26;13.879.481.258.317.900;1.0;0.5;7;21;16.911.534.525.287.700;1.0;0.14285714285714285;5;-5
70055703;7;14;17.027.648.939.368.100;0.0;0.0;13;9;14.086.784.586.980.800;0.5;0.038461538461538464;5;-6
150185102;7;14;10.986.812.966.989.000;1.0;0.14285714285714285;13;9;13.169.567.191.065.900;1.0;0.07692307692307693;5;-6
151174188;7;12;2.606.412.943.060.260;1.0;0.14285714285714285;14;7;21.921.577.396.609.800;0.0;0.0;5;-7
110093537;5;11;18.681.541.692.269.400;1.5;0.3;13;6;24.819.347.291.981.700;1.0;0.07692307692307693;5;-8
110149727;3;17;19.273.929.931.386.500;1.5;0.5;11;12;18.586.407.545.691.700;1.0;0.09090909090909091;5;-8
13576;2;12;14.200.453.956.193.900;0.0;0.0;13;7;5.057.996.968.497.830;4.5;0.34615384615384615;5;-11
70021087;2;12;0.8999540851465151;1.0;0.5;13;7;11.055.415.967.851.300;1.0;0.07692307692307693;5;-11
361196;2;13;19.346.977.943.739.800;1.0;0.5;14;8;18.070.158.058.105.000;1.0;0.07142857142857142;5;-12
70009030;3;12;13.545.149.477.955.700;0.0;0.0;15;7;2.140.872.096.444.180;2.0;0.13333333333333333;5;-12
197445;2;12;16.958.871.005.616.000;1.0;0.5;15;7;17.950.549.357.115.000;1.5;0.1;5;-13
310018205;5;12;33.868.974.563.994.800;2.0;0.4;19;7;6.121.455.890.735.650;4.0;0.21052631578947367;5;-14
39731;2;12;0.9620913858416693;0.0;0.0;17;7;12.909.944.487.358.000;1.0;0.058823529411764705;5;-15
75642;3;13;18.257.418.583.505.500;2.0;0.6666666666666666;19;8;37.958.086.444.532.600;4.0;0.21052631578947367;5;-16
130012742;3;13;39.886.993.145.914.300;4.0;13.333.333.333.333.300;20;8;48.064.582.403.602.000;3.0;0.15;5;-17
151209189;2;15;11.450.871.101.343.800;0.0;0.0;20;10;35.520.816.362.546.100;4.0;0.2;5;-18
310011856;2;13;1.699.673.171.197.590;1.0;0.5;20;8;2.657.296.462.534.030;2.0;0.1;5;-18
10205;7;12;1.991.718.390.927.870;1.0;0.14285714285714285;26;7;3.337.497.399.083.460;1.0;0.038461538461538464;5;-19
348692;3;11;18.681.541.692.269.400;1.5;0.5;22;6;2.481.934.729.198.170;3.0;0.13636363636363635;5;-19
70196116;4;11;32.388.269.481.403.200;2.5;0.625;24;6;34.871.191.548.325.300;3.0;0.125;5;-20
117179;3;12;11.499.191.491.521.300;0.0;0.0;25;7;4.203.173.404.306.160;3.0;0.12;5;-22
31392;6;11;20.518.284.528.683.100;2.0;0.3333333333333333;29;6;4.498.888.751.680.790;5.0;0.1724137931034483;5;-23
190864;8;11;277.308.492.477.241;2.5;0.3125;32;6;17.435.595.774.162.600;0.0;0.0;5;-24
70029283;4;11;2.181.742.422.927.140;2.0;0.5;30;6;29.257.477.676.655.500;2.0;0.06666666666666667;5;-26
70049391;6;11;2.6;2.0;0.3333333333333333;33;6;3.286.335.345.030.990;3.0;0.09090909090909091;5;-27
13238;3;12;34.712.514.712.794.100;0.0;0.0;34;7;4.149.966.532.662.910;3.0;0.08823529411764706;5;-31
310007086;3;11;24.979.991.993.593.500;1.0;0.3333333333333333;37;6;4.586.937.976.471.880;5.0;0.13513513513513514;5;-34
144199;2;14;0.8770580193070292;1.0;0.5;7;8;13.850.513.878.332.300;1.0;0.14285714285714285;6;-5
38864;7;14;0.7844645405527362;0.0;0.0;14;8;10.497.813.183.356.400;0.0;0.0;6;-7
70023218;7;14;11.357.556.200.179.500;1.0;0.14285714285714285;14;8;0.6998542122237652;0.0;0.0;6;-7
150182896;7;15;22.417.649.752.107.400;1.0;0.14285714285714285;14;9;2.595.067.436.503.330;2.5;0.17857142857142858;6;-7
77477;6;14;23.584.168.795.009.000;1.0;0.16666666666666666;14;8;17.261.494.247.992.200;2.0;0.14285714285714285;6;-8
339875;3;16;16.275.407.487.644.900;2.0;0.6666666666666666;11;10;13.333.333.333.333.300;1.0;0.09090909090909091;6;-8
70121293;3;18;15.629.800.300.689.900;1.0;0.3333333333333333;11;12;19.750.509.984.000.300;1.0;0.09090909090909091;6;-8
70025610;4;18;21.274.283.905.911.900;2.0;0.5;13;12;14.431.370.787.625.000;1.0;0.07692307692307693;6;-9
110015943;2;20;0.9761703679469163;0.0;0.0;11;14;20.925.339.244.208.300;1.0;0.09090909090909091;6;-9
130018334;2;20;0.9986139979479093;1.0;0.5;11;14;17.974.340.685.458.300;1.0;0.09090909090909091;6;-9
82120;4;14;14.390.989.949.130.500;1.0;0.25;14;8;0.7284313590846836;0.0;0.0;6;-10
88394;2;18;0.973702668073344;0.0;0.0;13;12;10.523.488.093.445.600;1.0;0.07692307692307693;6;-11
202608;3;14;18.397.324.220.155.900;2.0;0.6666666666666666;14;8;18.516.401.995.451.000;1.0;0.07142857142857142;6;-11
70044772;2;14;21.538.461.538.461.500;1.0;0.5;13;8;2.657.296.462.534.030;1.0;0.07692307692307693;6;-11
130074770;2;14;20.583.212.554.245.600;0.0;0.0;13;8;3.282.607.226.593.150;1.0;0.07692307692307693;6;-11
200101947;4;15;2.249.716.535.431.940;1.0;0.25;15;9;22.325.713.874.364.600;1.5;0.1;6;-11
70080150;3;15;229.906.813.420.444;2.5;0.8333333333333334;15;9;15.761.900.266.148.100;1.5;0.1;6;-12
130160955;2;13;13.123.346.456.686.300;1.0;0.5;18;7;21.343.747.458.109.400;1.5;0.08333333333333333;6;-16
15064;2;16;18.690.461.025.168.200;0.0;0.0;20;10;2.997.941.680.718.230;3.0;0.15;6;-18
15302;5;14;23.982.241.950.953.600;2.0;0.4;23;8;21.946.130.708.196.000;1.0;0.043478260869565216;6;-18
19752;4;13;23.139.072.294.858.000;2.0;0.5;22;7;4.561.310.727.801.330;4.5;0.20454545454545456;6;-18
30901;2;14;14.915.938.022.819.400;0.0;0.0;20;8;22.587.697.572.631.200;0.0;0.0;6;-18
68473;2;15;10.690.449.676.496.900;1.0;0.5;20;9;406.201.920.231.798;3.5;0.175;6;-18
70026434;5;13;26.601.482.832.520.600;2.0;0.4;24;7;22.852.182.001.336.800;1.5;0.0625;6;-19
10494;5;13;21.778.557.242.286.600;1.5;0.3;28;7;2.160.246.899.469.280;1.0;0.03571428571428571;6;-23
130042701;2;13;1.545.603.082.582.610;0.0;0.0;27;7;0.7637626158259734;0.0;0.0;6;-25
387873;2;26;1.312.097.557.348.530;1.0;0.5;7;19;18.700.036.310.785.300;1.5;0.21428571428571427;7;-5
70002013;4;23;14.294.713.812.287.600;1.0;0.25;10;16;12.892.719.737.209.100;1.0;0.1;7;-6
70085150;6;17;10.897.247.358.851.600;1.0;0.16666666666666666;12;10;13.966.450.099.973.900;1.0;0.08333333333333333;7;-6
70134588;2;18;15.157.763.207.911.900;1.0;0.5;8;11;1.5;1.0;0.125;7;-6
185492;7;15;12.205.719.636.167.900;0.0;0.0;14;8;10.301.575.072.754.200;0.0;0.0;7;-7
40035101;7;15;0.960973146219551;0.0;0.0;14;8;11.952.286.093.343.900;1.0;0.07142857142857142;7;-7
70044898;3;22;2.166.535.841.157.580;1.0;0.3333333333333333;12;15;3.619.674.131.234.260;3.0;0.25;7;-9
151198812;5;15;2.382.975.331.087.460;2.5;0.5;14;8;12.453.996.981.544.700;0.0;0.0;7;-9
130128030;2;23;10.174.104.220.726.900;1.0;0.5;12;16;1.746.106.780.494.500;1.0;0.08333333333333333;7;-10
99604;2;15;1.791.419.457.712.060;0.0;0.0;16;8;2.871.393.034.605.960;2.0;0.125;7;-14
200075269;4;15;24.959.150.299.508.700;2.0;0.5;19;8;2.356.060.357.495.800;1.0;0.05263157894736842;7;-15
36464;5;15;26.418.917.155.581.300;2.5;0.5;21;8;15.518.257.844.571.700;0.0;0.0;7;-16
111742;3;15;15.795.245.991.068.500;1.0;0.3333333333333333;19;8;18.294.640.678.379.500;1.0;0.05263157894736842;7;-16
150276268;2;16;17.838.784.213.679.500;0.0;0.0;18;9;2.958.039.891.549.800;1.0;0.05555555555555555;7;-16
118475;2;16;114.697.670.227.235;1.0;0.5;30;9;3.276.335.605.520.280;3.0;0.1;7;-28
12812;2;21;1.299.038.105.676.650;1.0;0.5;7;13;14.409.680.388.158.800;0.5;0.07142857142857142;8;-5
22430;2;27;0.8770580193070292;1.0;0.5;7;19;12.120.791.238.484.100;1.0;0.14285714285714285;8;-5
110012386;2;21;13.076.696.830.622.000;1.0;0.5;7;13;16.583.123.951.777;1.5;0.21428571428571427;8;-5
120045167;2;28;0.9428090415820634;1.0;0.5;7;20;0.9986139979479093;1.0;0.14285714285714285;8;-5
130021518;2;27;12.307.692.307.692.300;1.0;0.5;7;19;17.320.508.075.688.700;1.5;0.21428571428571427;8;-5
130030215;2;34;0.7581815759513215;1.0;0.5;7;26;0.5599999999999999;0.0;0.0;8;-5
151212407;3;34;14.907.119.849.998.500;1.0;0.3333333333333333;8;26;22.894.540.834.006.600;1.0;0.125;8;-5
70105939;3;17;14.670.868.242.881.800;1.0;0.3333333333333333;12;9;18.666.480.653.835.000;1.5;0.125;8;-9
130133422;2;25;0.9991315673568166;1.0;0.5;11;17;14.347.800.354.061.200;1.0;0.09090909090909091;8;-9
310014440;5;18;1.799.653.945.973.920;2.0;0.4;14;10;18.257.418.583.505.500;2.0;0.14285714285714285;8;-9
296567;3;19;13.562.839.573.037.400;1.0;0.3333333333333333;8;10;14.740.554.623.801.700;2.0;0.25;9;-5
70004658;2;24;13.144.536.050.287.800;1.0;0.5;7;15;17.728.105.208.558.300;1.0;0.14285714285714285;9;-5
150193413;2;28;0.5832598425193933;0.0;0.0;7;19;0.5773502691896257;0.0;0.0;9;-5
21280;2;25;1.165.922.381.636.100;1.0;0.5;8;16;16.918.103.387.266.000;1.0;0.125;9;-6
364260;3;20;15.034.586.165.353.300;1.0;0.3333333333333333;9;11;16.155.494.421.403.500;1.0;0.1111111111111111;9;-6
48335;7;20;0.7590634264134715;0.0;0.0;14;11;0.7;0.0;0.0;9;-7
70024073;3;22;0.6834619092574916;0.0;0.0;11;13;0.5527707983925667;0.0;0.0;9;-8
320020195;5;19;15.830.896.498.638.800;2.0;0.4;13;10;1.286.204.100.310.020;1.0;0.07692307692307693;9;-8
70018754;2;21;15.297.058.540.778.300;1.0;0.5;12;12;17.296.634.173.127.600;2.0;0.16666666666666666;9;-10
130000724;3;24;10.999.226.644.063.900;1.0;0.3333333333333333;11;14;12.064.913.185.660.000;1.0;0.09090909090909091;10;-8
387789;2;22;21.581.465.130.713.600;1.0;0.5;13;12;41.401.081.951.766.100;5.0;0.38461538461538464;10;-11
130087833;2;27;14.761.416.201.842.600;1.0;0.5;7;16;19.275.776.393.067.900;1.0;0.14285714285714285;11;-5
310009320;2;24;0.871736419815801;0.0;0.0;7;13;10.671.873.729.054.700;1.0;0.14285714285714285;11;-5
200047656;2;25;0.8498365855987975;0.0;0.0;8;14;1.249.852.062.251.680;1.0;0.125;11;-6
93999;2;26;1.385.640.646.055.100;1.0;0.5;10;15;1.520.271.189.556.620;1.0;0.1;11;-8
130000703;2;27;0.9397532094515858;1.0;0.5;10;16;14.996.295.838.935.900;1.0;0.1;11;-8
70030409;3;23;15.640.591.394.622.900;1.0;0.3333333333333333;13;12;16.414.063.713.879.800;1.0;0.07692307692307693;11;-10
70161163;2;25;0.5951190357119042;0.0;0.0;7;13;0.6400954789890507;0.0;0.0;12;-5
20717;2;35;1.505.468.693.184.670;1.0;0.5;7;22;10.454.523.047.666.700;1.0;0.14285714285714285;13;-5
53038;2;27;0.7692307692307693;1.0;0.5;7;14;0.72975638311578;1.0;0.14285714285714285;13;-5
36774;2;35;0.7058823529411765;1.0;0.5;7;18;0.4991341984846218;0.0;0.0;17;-5
70013165;2;37;1.114.924.013.354.970;1.0;0.5;7;20;10.447.070.126.989.000;1.0;0.14285714285714285;17;-5
